user1,user2,weight,common_neighbor,per1_n,per2_n
2,3,1,2.0,1.0,1.0
4,6,2,2.0,0.8333,1.1667
3,7,2,2.0,1.0,1.0
6,7,2,3.0,1.6667,1.3333
9,12,1,2.0,1.0,1.0
8,15,1,2.0,1.0,1.0
9,16,1,2.0,1.0,1.0
16,17,1,2.0,1.0,1.0
17,18,1,2.0,0.8,1.2
20,21,1,2.0,1.0,1.0
21,22,1,2.0,1.0,1.0
8,23,1,2.0,1.1667,0.8333
22,23,1,2.0,1.1667,0.8333
29,30,2,2.0,1.0,1.0
28,31,2,1.0,0.5,0.5
33,37,2,2.0,1.0,1.0
36,37,2,2.0,0.6667,1.3333
27,39,4,4.0,2.0,2.0
28,44,4,4.0,2.0,2.0
38,44,2,0.0,0.0,0.0
36,45,2,2.0,1.0,1.0
42,49,2,3.0,1.1667,1.8333
53,54,1,2.0,1.0,1.0
58,59,2,4.0,2.5,1.5
58,60,2,4.0,2.0,2.0
6,61,1,2.0,1.0,1.0
57,61,1,2.0,1.0,1.0
62,63,2,4.0,1.3333,2.6667
64,65,2,2.0,1.3333,0.6667
7,68,2,4.0,1.6667,2.3333
52,69,1,4.0,2.0,2.0
59,70,1,3.0,1.0,2.0
52,71,1,3.0,1.3,1.7
69,71,1,3.0,1.3,1.7
51,72,1,2.0,1.3333,0.6667
29,76,2,1.0,0.3333,0.6667
32,76,2,1.0,0.5,0.5
41,77,2,2.0,1.0,1.0
41,79,2,1.0,0.5,0.5
78,79,1,2.0,1.0,1.0
80,81,1,6.0,3.0,3.0
81,83,1,6.0,3.0,3.0
82,84,1,6.0,3.0,3.0
83,84,1,6.0,3.0,3.0
82,85,1,4.0,2.0,2.0
38,88,2,2.0,1.0,1.0
13,89,2,5.0,1.2241,3.7759
31,89,2,3.0,0.9074,2.0926
86,89,2,4.0,1.6667,2.3333
87,90,1,1.0,0.25,0.75
89,90,2,3.0,1.9259,1.0741
68,91,2,0.0,0.0,0.0
94,95,1,2.0,1.0,1.0
7,99,2,2.0,1.0,1.0
75,100,2,1.0,0.6,0.4
87,100,1,2.0,1.0,1.0
85,101,1,1.0,0.5,0.5
24,102,2,2.0,1.0,1.0
25,103,2,2.0,1.0,1.0
46,104,2,2.0,1.0,1.0
26,105,2,2.0,1.0,1.0
48,106,2,2.0,1.0,1.0
47,107,2,2.0,1.0,1.0
6,108,4,5.0,2.5,2.5
68,108,2,4.0,2.3333,1.6667
68,109,4,4.0,2.0,2.0
89,109,2,6.0,3.9593,2.0407
13,112,1,3.0,1.25,1.75
89,114,2,3.0,2.1429,0.8571
89,116,2,5.0,3.4259,1.5741
40,117,2,1.0,0.5,0.5
116,117,2,3.0,1.3333,1.6667
40,118,2,3.0,1.6667,1.3333
101,119,1,2.0,1.0,1.0
115,120,2,0.0,0.0,0.0
86,121,2,2.0,0.6667,1.3333
56,123,1,2.0,0.6667,1.3333
60,124,2,1.0,0.5,0.5
62,124,2,2.0,1.1,0.9
62,125,1,6.0,3.9167,2.0833
70,125,1,6.0,3.5,2.5
62,128,3,8.0,4.0,4.0
124,128,2,2.0,0.9,1.1
125,128,1,7.0,2.4167,4.5833
127,128,4,7.0,3.4,3.6
111,129,2,1.0,0.6,0.4
112,130,2,1.0,0.6,0.4
124,131,2,2.0,1.0,1.0
62,132,2,2.0,1.1,0.9
124,132,2,2.0,1.0,1.0
128,132,2,3.0,1.6,1.4
126,133,2,3.0,1.5,1.5
128,134,2,2.0,1.0,1.0
124,135,2,2.0,0.6667,1.3333
131,135,2,2.0,0.6667,1.3333
135,136,1,5.0,2.7424,2.2576
137,141,1,2.0,1.1667,0.8333
139,141,2,2.0,1.3333,0.6667
139,142,2,2.0,1.3333,0.6667
127,143,2,3.0,1.6667,1.3333
128,143,2,7.0,3.6667,3.3333
97,144,2,2.0,0.8333,1.1667
4,145,2,2.0,0.5172,1.4828
7,145,2,3.0,0.6839,2.3161
33,145,4,5.0,1.2594,3.7406
36,145,2,2.0,0.3506,1.6494
37,145,4,3.0,0.8672,2.1328
53,145,1,3.0,0.7944,2.2056
54,145,1,2.0,0.5087,1.4913
58,145,2,6.0,1.9094,4.0906
60,145,2,4.0,0.9094,3.0906
62,145,2,7.0,1.9538,5.0462
63,145,4,5.0,1.345,3.655
68,145,4,3.0,1.0339,1.9661
70,145,2,7.0,1.4682,5.5318
93,145,2,2.0,0.5172,1.4828
108,145,2,3.0,0.4617,2.5383
110,145,2,4.0,0.8809,3.1191
122,145,2,3.0,0.4094,2.5906
125,145,1,9.0,1.7645,7.2355
128,145,2,11.0,3.5919,7.4081
136,145,2,7.0,1.3682,5.6318
143,145,2,7.0,2.0872,4.9128
73,146,2,3.0,0.6786,2.3214
92,146,1,3.0,0.5262,2.4738
126,146,2,3.0,1.0952,1.9048
133,146,2,3.0,1.0952,1.9048
135,146,3,8.0,2.8357,5.1643
145,146,9,17.0,11.0033,5.9967
4,147,2,2.0,0.5172,1.4828
7,147,2,3.0,0.6839,2.3161
14,147,2,6.0,1.3699,4.6301
33,147,4,5.0,1.2532,3.7468
37,147,4,3.0,0.8672,2.1328
53,147,1,4.0,0.9194,3.0806
54,147,1,2.0,0.5087,1.4913
58,147,2,6.0,1.7699,4.2301
59,147,1,5.0,1.2024,3.7976
60,147,2,4.0,0.7699,3.2301
62,147,2,7.0,1.9318,5.0682
63,147,4,5.0,1.3078,3.6922
70,147,2,7.0,1.3421,5.6579
73,147,2,4.0,0.9952,3.0048
92,147,1,3.0,0.1881,2.8119
93,147,2,2.0,0.3506,1.6494
110,147,2,4.0,0.8776,3.1224
122,147,2,3.0,0.2699,2.7301
125,147,1,9.0,1.6413,7.3587
126,147,2,3.0,0.6479,2.3521
128,147,2,12.0,4.1508,7.8492
133,147,2,3.0,0.6479,2.3521
135,147,1,8.0,1.8086,6.1914
143,147,2,7.0,2.0651,4.9349
145,147,114,102.0,50.2517,51.7483
5,148,2,1.0,0.5,0.5
145,149,4,5.0,3.8578,1.1422
147,149,4,5.0,3.9133,1.0867
53,150,2,2.0,0.8,1.2
55,150,1,2.0,0.5,1.5
94,150,2,2.0,1.0,1.0
94,152,2,2.0,1.0,1.0
147,152,3,4.0,2.641,1.359
149,152,2,2.0,1.1429,0.8571
150,152,2,2.0,1.0,1.0
13,153,1,5.0,1.775,3.225
30,153,2,3.0,0.9714,2.0286
33,153,2,4.0,1.8333,2.1667
38,153,2,2.0,0.75,1.25
39,153,2,5.0,1.6214,3.3786
49,153,2,4.0,1.7889,2.2111
56,153,1,1.0,0.5,0.5
57,153,1,2.0,0.625,1.375
58,153,2,4.0,1.5,2.5
59,153,2,4.0,1.1,2.9
61,153,1,3.0,1.125,1.875
85,153,1,5.0,1.4583,3.5417
87,153,1,3.0,0.5833,2.4167
88,153,2,4.0,1.8214,2.1786
89,153,3,17.0,8.6082,8.3918
90,153,3,4.0,1.9,2.1
96,153,1,5.0,1.75,3.25
101,153,1,1.0,0.5,0.5
111,153,1,3.0,1.05,1.95
112,153,1,3.0,1.05,1.95
114,153,1,2.0,1.0,1.0
140,153,2,4.0,1.5222,2.4778
145,153,4,17.0,10.1855,6.8145
147,153,4,19.0,12.0931,6.9069
53,154,2,4.0,1.0667,2.9333
55,154,1,2.0,0.45,1.55
145,154,5,9.0,6.5575,2.4425
147,154,5,10.0,7.4084,2.5916
150,154,3,4.0,2.0952,1.9048
151,154,1,2.0,0.7,1.3
32,155,2,3.0,0.7683,2.2317
42,155,2,5.0,2.1818,2.8182
43,155,2,2.0,0.75,1.25
45,155,2,3.0,0.5758,2.4242
49,155,2,5.0,2.5667,2.4333
75,155,1,3.0,0.5312,2.4688
77,155,2,4.0,1.3939,2.6061
96,155,1,3.0,0.7833,2.2167
102,155,2,4.0,1.5606,2.4394
104,155,2,4.0,1.5606,2.4394
105,155,2,4.0,1.5606,2.4394
106,155,2,4.0,1.5606,2.4394
107,155,2,4.0,1.5606,2.4394
145,155,1,11.0,6.7058,4.2942
146,155,4,11.0,5.1856,5.8144
147,155,5,16.0,8.7359,7.2641
6,157,4,6.0,3.5,2.5
121,157,2,2.0,1.3333,0.6667
144,157,2,3.0,1.6667,1.3333
6,158,4,3.0,1.8333,1.1667
145,158,4,3.0,2.3009,0.6991
146,158,2,3.0,1.9304,1.0696
147,158,2,3.0,2.2042,0.7958
6,159,4,4.0,2.3333,1.6667
145,159,4,6.0,4.2295,1.7705
146,159,2,6.0,3.3471,2.6529
157,159,4,4.0,2.0,2.0
158,159,4,4.0,2.0,2.0
140,160,2,3.0,1.5,1.5
159,161,2,2.0,0.8333,1.1667
145,162,1,4.0,3.158,0.842
147,162,1,4.0,3.0469,0.9531
66,164,2,0.0,0.0,0.0
145,164,2,5.0,3.558,1.442
146,164,1,4.0,2.7682,1.2318
147,164,1,4.0,2.9328,1.0672
159,164,2,3.0,2.0,1.0
160,164,2,2.0,1.0,1.0
162,164,1,2.0,0.8333,1.1667
86,165,2,2.0,1.0,1.0
89,165,2,2.0,1.0,1.0
6,167,2,2.0,1.3333,0.6667
135,167,1,2.0,1.0,1.0
145,167,2,3.0,2.3744,0.6256
146,167,1,3.0,2.4318,0.5682
147,167,3,4.0,2.9328,1.0672
140,168,2,3.0,1.5,1.5
153,168,2,3.0,1.7,1.3
167,168,2,1.0,0.5,0.5
6,169,4,4.0,2.5,1.5
157,169,2,3.0,1.6667,1.3333
159,169,2,3.0,1.6667,1.3333
167,169,2,2.0,0.8333,1.1667
6,170,4,4.0,2.5,1.5
157,170,2,3.0,1.6667,1.3333
167,170,2,3.0,1.3333,1.6667
168,170,2,1.0,0.5,0.5
169,170,2,4.0,2.0,2.0
89,171,2,2.0,1.4259,0.5741
96,172,1,2.0,1.0,1.0
40,173,2,3.0,1.2467,1.7533
78,173,1,2.0,0.5417,1.4583
79,173,1,3.0,1.0417,1.9583
118,173,2,3.0,1.08,1.92
147,173,2,7.0,4.6417,2.3583
153,173,1,6.0,2.5694,3.4306
172,173,1,2.0,0.5417,1.4583
40,174,2,3.0,1.2467,1.7533
78,174,1,2.0,0.5417,1.4583
118,174,2,3.0,1.08,1.92
153,174,1,5.0,1.9028,3.0972
172,174,1,2.0,0.5417,1.4583
173,174,23,29.0,14.5,14.5
147,175,4,4.0,2.8578,1.1422
173,175,2,2.0,0.8333,1.1667
12,176,2,3.0,1.0833,1.9167
17,176,2,3.0,0.8333,2.1667
18,176,3,2.0,0.6667,1.3333
145,176,6,8.0,5.0878,2.9122
146,176,2,13.0,6.8945,6.1055
147,176,4,11.0,7.6146,3.3854
155,176,3,11.0,6.3171,4.6829
178,179,2,0.0,0.0,0.0
9,182,2,3.0,0.9167,2.0833
12,182,2,3.0,1.0833,1.9167
16,182,2,3.0,0.9167,2.0833
17,182,2,3.0,0.8333,2.1667
18,182,3,2.0,0.6667,1.3333
176,182,6,7.0,3.5,3.5
179,182,2,1.0,0.5,0.5
135,183,2,7.0,3.6026,3.3974
145,183,2,7.0,5.8274,1.1726
146,183,1,11.0,6.9842,4.0158
147,183,3,10.0,7.6095,2.3905
176,183,2,6.0,3.3881,2.6119
137,184,1,2.0,0.8333,1.1667
145,184,4,8.0,5.5629,2.4371
146,184,2,12.0,6.4503,5.5497
147,184,2,10.0,7.1655,2.8345
155,184,3,10.0,5.8219,4.1781
176,184,9,13.0,6.7212,6.2788
145,185,2,4.0,2.8795,1.1205
147,185,2,4.0,2.9968,1.0032
2,186,1,2.0,0.5476,1.4524
3,186,1,4.0,1.4476,2.5524
5,186,2,1.0,0.5,0.5
13,186,1,5.0,0.8538,4.1462
24,186,2,3.0,0.7353,2.2647
25,186,2,3.0,0.7353,2.2647
26,186,2,3.0,0.7353,2.2647
27,186,2,5.0,0.921,4.079
28,186,2,5.0,1.1353,3.8647
29,186,2,3.0,0.5686,2.4314
31,186,2,3.0,0.951,2.049
32,186,4,4.0,1.0231,2.9769
34,186,2,2.0,0.9,1.1
40,186,4,4.0,1.8333,2.1667
41,186,2,3.0,0.7353,2.2647
42,186,2,4.0,0.8171,3.1829
43,186,3,3.0,1.1818,1.8182
45,186,2,5.0,1.304,3.696
46,186,2,3.0,0.7353,2.2647
47,186,2,3.0,0.7353,2.2647
48,186,2,3.0,0.7353,2.2647
50,186,2,3.0,0.7353,2.2647
51,186,2,3.0,1.5,1.5
52,186,2,4.0,1.4167,2.5833
57,186,1,2.0,0.625,1.375
64,186,2,3.0,0.9211,2.0789
66,186,1,2.0,0.5476,1.4524
67,186,1,2.0,0.5476,1.4524
69,186,2,4.0,1.4167,2.5833
70,186,1,6.0,1.3058,4.6942
71,186,3,4.0,1.4286,2.5714
76,186,4,2.0,0.8333,1.1667
79,186,2,3.0,1.1667,1.8333
80,186,1,6.0,1.6984,4.3016
81,186,1,7.0,2.1984,4.8016
83,186,1,7.0,2.1984,4.8016
84,186,1,7.0,2.1984,4.8016
85,186,1,5.0,0.9901,4.0099
88,186,7,7.0,1.6915,5.3085
89,186,4,19.0,7.4465,11.5535
92,186,1,3.0,0.3016,2.6984
94,186,1,3.0,1.0476,1.9524
95,186,1,2.0,0.5476,1.4524
97,186,2,3.0,1.0909,1.9091
98,186,2,3.0,0.9,2.1
100,186,2,3.0,0.525,2.475
111,186,3,4.0,1.1528,2.8472
112,186,3,4.0,1.1528,2.8472
113,186,4,2.0,1.0,1.0
115,186,2,2.0,0.7222,1.2778
116,186,2,5.0,1.0196,3.9804
117,186,4,4.0,1.0686,2.9314
118,186,2,3.0,1.3333,1.6667
125,186,1,7.0,1.3879,5.6121
127,186,2,5.0,1.7874,3.2126
128,186,2,14.0,4.5124,9.4876
129,186,2,3.0,0.8,2.2
130,186,2,4.0,1.4667,2.5333
132,186,2,2.0,0.8333,1.1667
135,186,1,9.0,3.5625,5.4375
136,186,1,8.0,1.8169,6.1831
140,186,2,4.0,1.1222,2.8778
141,186,1,4.0,1.2333,2.7667
144,186,2,4.0,1.5,2.5
145,186,5,45.0,23.0784,21.9216
146,186,6,26.0,10.907,15.093
147,186,8,58.0,29.7132,28.2868
148,186,2,1.0,0.5,0.5
153,186,7,32.0,10.5472,21.4528
155,186,9,26.0,10.1107,15.8893
157,186,2,6.0,1.8262,4.1738
159,186,2,6.0,1.9485,4.0515
160,186,2,3.0,0.9,2.1
161,186,4,4.0,1.3041,2.6959
162,186,1,4.0,1.2778,2.7222
173,186,2,18.0,7.5367,10.4633
174,186,2,16.0,7.1367,8.8633
176,186,2,16.0,6.3525,9.6475
179,186,2,1.0,0.5,0.5
183,186,2,15.0,4.5739,10.4261
184,186,2,16.0,5.4833,10.5167
185,186,4,6.0,1.5695,4.4305
185,187,1,3.0,1.2381,1.7619
186,187,3,9.0,5.3455,3.6545
132,188,2,1.0,0.3333,0.6667
146,188,1,9.0,4.35,4.65
176,188,2,7.0,4.0325,2.9675
183,188,2,7.0,3.2333,3.7667
184,188,2,6.0,3.5682,2.4318
186,188,4,14.0,9.9123,4.0877
111,190,1,3.0,1.75,1.25
153,190,1,3.0,2.125,0.875
186,191,2,4.0,2.7647,1.2353
13,193,2,2.0,1.0,1.0
89,193,2,5.0,2.9259,2.0741
99,193,2,2.0,0.5818,1.4182
186,194,1,2.0,1.0,1.0
186,195,2,3.0,1.5778,1.4222
147,196,2,4.0,3.0798,0.9202
195,196,2,1.0,0.5,0.5
146,197,2,7.0,4.8795,2.1205
147,197,2,7.0,5.934,1.066
58,198,2,4.0,1.2833,2.7167
60,198,2,5.0,1.95,3.05
89,198,2,5.0,3.0287,1.9713
145,198,4,14.0,9.3284,4.6716
146,198,4,16.0,8.3912,7.6088
147,198,8,18.0,11.6341,6.3659
176,198,2,9.0,4.3727,4.6273
186,198,2,18.0,10.8328,7.1672
188,198,2,7.0,3.2167,3.7833
196,198,2,5.0,2.0333,2.9667
197,198,3,7.0,2.3667,4.6333
122,199,2,3.0,1.1667,1.8333
146,200,2,5.0,3.4176,1.5824
198,200,2,6.0,3.8833,2.1167
88,201,1,3.0,2.0778,0.9222
186,201,2,5.0,4.3063,0.6937
14,202,1,4.0,2.5,1.5
88,202,1,4.0,2.3745,1.6255
145,202,1,7.0,5.5494,1.4506
147,202,1,8.0,6.3393,1.6607
186,202,4,12.0,9.9204,2.0796
201,202,1,4.0,1.5833,2.4167
186,203,1,3.0,2.496,0.504
186,204,2,4.0,2.9324,1.0676
13,205,2,5.0,1.0699,3.9301
14,205,1,4.0,0.8313,3.1687
31,205,2,3.0,0.6917,2.3083
62,205,2,6.0,1.7647,4.2353
63,205,4,5.0,1.5961,3.4039
70,205,1,6.0,0.9708,5.0292
89,205,25,28.0,12.8507,15.1493
90,205,2,3.0,1.1741,1.8259
109,205,2,6.0,2.1455,3.8545
114,205,3,3.0,0.9074,2.0926
116,205,2,5.0,1.2631,3.7369
125,205,1,8.0,1.4816,6.5184
128,205,2,11.0,3.7308,7.2692
135,205,1,8.0,3.0704,4.9296
136,205,1,7.0,1.1708,5.8292
137,205,1,2.0,0.451,1.549
143,205,2,7.0,2.3313,4.6687
145,205,16,28.0,16.3374,11.6626
146,205,3,13.0,5.554,7.446
147,205,19,32.0,19.06,12.94
153,205,2,19.0,7.7555,11.2445
171,205,2,3.0,1.2407,1.7593
183,205,1,11.0,3.4691,7.5309
184,205,2,8.0,2.4462,5.5538
186,205,15,39.0,21.8493,17.1507
193,205,2,6.0,2.9741,3.0259
197,205,2,7.0,1.5625,5.4375
198,205,4,13.0,4.6508,8.3492
202,205,1,7.0,1.636,5.364
204,205,2,3.0,0.951,2.049
145,206,2,3.0,2.8128,0.1872
147,206,2,3.0,2.8349,0.1651
205,206,2,6.0,4.3353,1.6647
1,207,2,5.0,2.3333,2.6667
89,207,2,7.0,4.3954,2.6046
186,207,4,9.0,6.7299,2.2701
205,207,4,9.0,6.019,2.981
206,207,2,4.0,1.8333,2.1667
70,208,1,6.0,1.515,4.485
89,208,1,7.0,4.5415,2.4585
125,208,1,6.0,1.188,4.812
135,208,1,8.0,3.2357,4.7643
136,208,1,7.0,1.715,5.285
145,208,5,16.0,11.3457,4.6543
146,208,3,12.0,6.2777,5.7223
147,208,8,20.0,14.1474,5.8526
153,208,1,11.0,6.3889,4.6111
154,208,1,7.0,2.9865,4.0135
186,208,5,21.0,13.9338,7.0662
197,208,2,7.0,2.0929,4.9071
198,208,2,11.0,5.4304,5.5696
205,208,12,25.0,15.164,9.836
128,210,2,4.0,2.15,1.85
134,210,2,2.0,1.0,1.0
186,210,3,6.0,3.6234,2.3766
201,210,1,2.0,0.9,1.1
88,211,1,2.0,1.5778,0.4222
145,211,2,4.0,3.0304,0.9696
147,211,2,4.0,3.1161,0.8839
186,211,2,9.0,7.2262,1.7738
199,211,4,4.0,2.3333,1.6667
89,212,2,3.0,1.9259,1.0741
193,212,2,4.0,2.3182,1.6818
205,212,2,4.0,2.2593,1.7407
186,213,2,2.0,1.3824,0.6176
204,213,2,2.0,1.0,1.0
89,214,2,2.0,1.4259,0.5741
90,214,2,2.0,1.0,1.0
205,214,2,2.0,1.4259,0.5741
155,215,2,6.0,3.5227,2.4773
186,215,3,7.0,4.8051,2.1949
128,216,2,5.0,3.0,2.0
134,216,2,2.0,1.0,1.0
147,216,1,5.0,3.7952,1.2048
210,216,2,3.0,1.75,1.25
56,217,1,1.0,0.5,0.5
89,217,2,4.0,2.8426,1.1574
153,217,1,6.0,3.5444,2.4556
186,217,2,8.0,5.2998,2.7002
195,217,3,2.0,1.0,1.0
200,217,2,2.0,1.0,1.0
205,217,2,6.0,4.3499,1.6501
207,217,2,4.0,2.3333,1.6667
1,218,4,4.0,2.0,2.0
186,219,1,2.0,1.0,1.0
194,219,1,2.0,1.0,1.0
6,220,1,3.0,1.6667,1.3333
61,220,1,4.0,1.5909,2.4091
96,220,1,3.0,1.3333,1.6667
99,220,2,2.0,0.6857,1.3143
127,220,2,4.0,1.7381,2.2619
128,220,3,6.0,3.0,3.0
153,220,1,8.0,4.3239,3.6761
155,220,2,7.0,4.6591,2.3409
186,220,10,15.0,10.5187,4.4813
201,220,1,4.0,1.5,2.5
202,220,1,7.0,3.1857,3.8143
210,220,1,3.0,1.1308,1.8692
88,221,2,2.0,1.2051,0.7949
186,221,6,6.0,4.3328,1.6672
61,222,1,2.0,1.0,1.0
204,222,2,2.0,1.0,1.0
220,222,1,2.0,1.0,1.0
89,223,2,2.0,1.4259,0.5741
205,223,2,2.0,1.4259,0.5741
89,224,2,3.0,1.7593,1.2407
193,224,2,4.0,2.1515,1.8485
205,224,2,4.0,2.0926,1.9074
123,225,1,2.0,1.3333,0.6667
186,226,1,4.0,2.8571,1.1429
187,226,1,4.0,2.5833,1.4167
1,227,2,4.0,1.311,2.689
6,227,2,7.0,3.7648,3.2352
7,227,2,5.0,2.0267,2.9733
24,227,2,3.0,0.6443,2.3557
25,227,2,3.0,0.6443,2.3557
26,227,2,3.0,0.6443,2.3557
27,227,2,3.0,0.811,2.189
28,227,2,3.0,0.811,2.189
29,227,2,3.0,0.6443,2.3557
39,227,2,3.0,0.979,2.021
41,227,2,3.0,0.6443,2.3557
42,227,2,4.0,0.9776,3.0224
44,227,2,2.0,0.6933,1.3067
46,227,2,3.0,0.6443,2.3557
47,227,2,3.0,0.6443,2.3557
48,227,2,3.0,0.6443,2.3557
49,227,4,5.0,1.8377,3.1623
50,227,2,3.0,0.6443,2.3557
64,227,4,4.0,1.1696,2.8304
65,227,2,2.0,0.36,1.64
68,227,2,4.0,1.6933,2.3067
77,227,2,4.0,1.5267,2.4733
86,227,2,3.0,0.6933,2.3067
87,227,1,3.0,0.6802,2.3198
99,227,2,2.0,0.5267,1.4733
102,227,2,3.0,1.0267,1.9733
103,227,2,3.0,1.0267,1.9733
104,227,2,3.0,1.0267,1.9733
105,227,2,3.0,1.0267,1.9733
107,227,2,3.0,1.0267,1.9733
108,227,2,4.0,1.86,2.14
109,227,2,4.0,1.3124,2.6876
116,227,2,5.0,1.2634,3.7366
117,227,2,3.0,0.7372,2.2628
121,227,4,3.0,1.0519,1.9481
153,227,5,16.0,7.6299,8.3701
155,227,2,21.0,9.9433,11.0567
157,227,2,5.0,1.6443,3.3557
186,227,15,45.0,25.0722,19.9278
188,227,1,5.0,1.824,3.176
191,227,2,3.0,0.6443,2.3557
199,227,2,3.0,1.1933,1.8067
205,227,5,14.0,7.9948,6.0052
207,227,2,6.0,2.015,3.985
208,227,1,8.0,3.1503,4.8497
211,227,2,4.0,1.1443,2.8557
215,227,2,5.0,1.6933,3.3067
6,228,2,7.0,3.7648,3.2352
7,228,2,5.0,2.0267,2.9733
24,228,2,3.0,0.6443,2.3557
25,228,2,3.0,0.6443,2.3557
26,228,2,3.0,0.6443,2.3557
27,228,2,3.0,0.811,2.189
28,228,2,3.0,0.811,2.189
29,228,2,3.0,0.6443,2.3557
30,228,2,3.0,0.8124,2.1876
39,228,2,3.0,0.979,2.021
41,228,2,3.0,0.6443,2.3557
44,228,2,2.0,0.6933,1.3067
46,228,2,3.0,0.6443,2.3557
47,228,2,3.0,0.6443,2.3557
48,228,2,3.0,0.6443,2.3557
49,228,4,5.0,1.8377,3.1623
50,228,2,3.0,0.6443,2.3557
64,228,4,4.0,1.1696,2.8304
68,228,2,4.0,1.6933,2.3067
77,228,2,4.0,1.5267,2.4733
86,228,2,3.0,0.6933,2.3067
87,228,1,3.0,0.6802,2.3198
89,228,4,14.0,6.8041,7.1959
99,228,2,2.0,0.5267,1.4733
102,228,2,3.0,1.0267,1.9733
103,228,2,3.0,1.0267,1.9733
104,228,2,3.0,1.0267,1.9733
105,228,2,3.0,1.0267,1.9733
106,228,2,3.0,1.0267,1.9733
107,228,2,3.0,1.0267,1.9733
108,228,2,4.0,1.86,2.14
109,228,2,4.0,1.3124,2.6876
116,228,2,5.0,1.2634,3.7366
121,228,4,3.0,1.0519,1.9481
153,228,5,16.0,7.6299,8.3701
157,228,2,5.0,1.6443,3.3557
186,228,15,45.0,25.0722,19.9278
188,228,1,5.0,1.824,3.176
191,228,2,3.0,0.6443,2.3557
199,228,2,3.0,1.1933,1.8067
205,228,5,14.0,7.9948,6.0052
207,228,2,6.0,2.015,3.985
208,228,1,8.0,3.1503,4.8497
211,228,2,4.0,1.1443,2.8557
215,228,2,5.0,1.6933,3.3067
218,228,2,2.0,0.6933,1.3067
227,228,73,74.0,37.0,37.0
1,229,2,4.0,1.4067,2.5933
27,229,2,3.0,0.9067,2.0933
28,229,2,3.0,0.9067,2.0933
36,229,2,2.0,0.54,1.46
39,229,2,3.0,1.1067,1.8933
44,229,2,2.0,0.7067,1.2933
45,229,2,3.0,0.74,2.26
68,229,2,2.0,0.7067,1.2933
81,229,1,5.0,1.3815,3.6185
84,229,1,5.0,1.3815,3.6185
85,229,1,5.0,1.1315,3.8685
96,229,1,3.0,0.7704,2.2296
98,229,2,3.0,0.74,2.26
109,229,2,4.0,1.6067,2.3933
122,229,2,3.0,0.7067,2.2933
128,229,2,6.0,1.9067,4.0933
129,229,2,3.0,0.74,2.26
139,229,4,3.0,1.0769,1.9231
140,229,2,5.0,1.64,3.36
141,229,2,3.0,0.4844,2.5156
142,229,2,2.0,0.3733,1.6267
143,229,2,4.0,1.3733,2.6267
153,229,3,13.0,6.0207,6.9793
160,229,2,4.0,1.24,2.76
164,229,2,2.0,0.54,1.46
168,229,2,3.0,0.94,2.06
172,229,1,2.0,0.5204,1.4796
177,229,1,2.0,0.5204,1.4796
178,229,1,2.0,0.5204,1.4796
180,229,1,2.0,0.5204,1.4796
181,229,1,2.0,0.5204,1.4796
186,229,8,35.0,19.8012,15.1988
188,229,2,5.0,1.6352,3.3648
199,229,4,4.0,1.5769,2.4231
205,229,2,13.0,6.9551,6.0449
206,229,2,4.0,1.3733,2.6267
207,229,2,7.0,2.7733,4.2267
211,229,2,4.0,0.94,3.06
218,229,2,2.0,0.7067,1.2933
1,230,2,4.0,1.4067,2.5933
27,230,2,3.0,0.9067,2.0933
28,230,2,3.0,0.9067,2.0933
36,230,2,2.0,0.54,1.46
39,230,2,3.0,1.1067,1.8933
44,230,2,2.0,0.7067,1.2933
68,230,2,2.0,0.7067,1.2933
80,230,1,4.0,0.8815,3.1185
81,230,1,5.0,1.3815,3.6185
83,230,1,5.0,1.3815,3.6185
84,230,1,5.0,1.3815,3.6185
85,230,1,5.0,1.1315,3.8685
89,230,3,9.0,4.4847,4.5153
96,230,1,3.0,0.7704,2.2296
98,230,2,3.0,0.74,2.26
122,230,2,3.0,0.7067,2.2933
128,230,2,6.0,1.9067,4.0933
129,230,2,3.0,0.74,2.26
130,230,2,3.0,0.74,2.26
139,230,4,3.0,1.0769,1.9231
140,230,2,5.0,1.64,3.36
141,230,2,3.0,0.4844,2.5156
143,230,2,4.0,1.3733,2.6267
153,230,3,13.0,6.0207,6.9793
160,230,2,4.0,1.24,2.76
164,230,2,2.0,0.54,1.46
168,230,2,3.0,0.94,2.06
172,230,1,2.0,0.5204,1.4796
177,230,1,2.0,0.5204,1.4796
178,230,1,2.0,0.5204,1.4796
180,230,1,2.0,0.5204,1.4796
181,230,1,2.0,0.5204,1.4796
183,230,2,5.0,1.4067,3.5933
186,230,8,35.0,19.8012,15.1988
188,230,2,5.0,1.6352,3.3648
199,230,4,4.0,1.5769,2.4231
205,230,2,13.0,6.9551,6.0449
206,230,2,4.0,1.3733,2.6267
211,230,2,4.0,0.94,3.06
229,230,48,58.0,29.0,29.0
13,231,1,5.0,1.2929,3.7071
89,231,4,10.0,4.945,5.055
111,231,1,3.0,0.8289,2.1711
127,231,2,6.0,2.8874,3.1126
128,231,2,11.0,4.0263,6.9737
145,231,5,23.0,13.6406,9.3594
146,231,1,14.0,6.8666,7.1334
147,231,5,25.0,15.3057,9.6943
153,231,3,19.0,8.5249,10.4751
159,231,2,5.0,1.9509,3.0491
161,231,2,3.0,1.2692,1.7308
183,231,2,9.0,2.6314,6.3686
186,231,35,51.0,31.3226,19.6774
188,231,3,9.0,3.2216,5.7784
190,231,1,3.0,0.7778,2.2222
197,231,1,6.0,2.162,3.838
198,231,2,12.0,5.817,6.183
201,231,1,4.0,0.8374,3.1626
202,231,3,12.0,3.4026,8.5974
203,231,1,3.0,0.5278,2.4722
205,231,9,26.0,13.9144,12.0856
208,231,3,19.0,8.0118,10.9882
209,231,2,1.0,0.5,0.5
211,231,1,8.0,2.4921,5.5079
220,231,2,9.0,3.4413,5.5587
221,231,2,3.0,0.7654,2.2346
227,231,2,10.0,4.8745,5.1255
228,231,2,10.0,4.8745,5.1255
229,231,4,12.0,5.8973,6.1027
230,231,4,12.0,5.8973,6.1027
138,232,4,0.0,0.0,0.0
218,232,4,0.0,0.0,0.0
80,233,1,4.0,1.1429,2.8571
81,233,1,5.0,1.6429,3.3571
82,233,1,5.0,1.6429,3.3571
83,233,1,5.0,1.6429,3.3571
84,233,1,5.0,1.6429,3.3571
85,233,1,5.0,1.4762,3.5238
120,233,2,1.0,0.3333,0.6667
153,233,2,6.0,3.0385,2.9615
185,233,1,3.0,1.0667,1.9333
186,233,6,20.0,11.4573,8.5427
204,233,2,3.0,1.25,1.75
222,233,2,2.0,1.0,1.0
229,233,3,9.0,5.1126,3.8874
185,234,1,2.0,1.0,1.0
187,234,1,2.0,1.3333,0.6667
233,234,1,2.0,1.3333,0.6667
145,235,3,3.0,2.141,0.859
147,235,3,3.0,2.141,0.859
145,236,2,3.0,2.3994,0.6006
147,236,2,3.0,2.3994,0.6006
235,236,1,2.0,1.2,0.8
145,237,2,2.0,1.5828,0.4172
147,237,2,2.0,1.5828,0.4172
235,237,2,2.0,1.2,0.8
3,238,2,3.0,1.0357,1.9643
7,238,2,4.0,1.4524,2.5476
145,238,4,6.0,3.7467,2.2533
147,238,4,7.0,4.7239,2.2761
163,238,2,3.0,1.119,1.881
186,238,3,11.0,6.2722,4.7278
186,239,2,3.0,2.2647,0.7353
227,239,2,3.0,2.3557,0.6443
228,239,2,3.0,2.3557,0.6443
238,240,1,3.0,1.5,1.5
4,241,2,2.0,0.8333,1.1667
239,242,2,0.0,0.0,0.0
3,243,2,3.0,1.119,1.881
4,243,2,2.0,0.6667,1.3333
7,243,2,5.0,2.119,2.881
163,243,2,3.0,0.9524,2.0476
186,243,2,6.0,3.6397,2.3603
227,243,2,5.0,3.189,1.811
238,243,5,8.0,3.9333,4.0667
239,243,2,3.0,1.5,1.5
241,243,4,2.0,0.8333,1.1667
145,244,3,4.0,2.941,1.059
147,244,3,4.0,2.941,1.059
238,244,2,4.0,2.1429,1.8571
240,244,1,3.0,1.5,1.5
6,245,2,3.0,1.4048,1.5952
145,245,5,7.0,5.4861,1.5139
147,245,5,8.0,6.337,1.663
154,245,3,7.0,3.5,3.5
163,245,2,3.0,1.0,2.0
205,245,1,7.0,4.8684,2.1316
231,245,2,6.0,3.675,2.325
238,245,4,5.0,2.2778,2.7222
243,245,4,4.0,2.2222,1.7778
146,246,1,7.0,5.0333,1.9667
147,246,1,6.0,5.1995,0.8005
183,246,1,7.0,4.0667,2.9333
186,246,3,11.0,8.7474,2.2526
188,246,1,5.0,2.7381,2.2619
205,246,1,8.0,6.4231,1.5769
208,246,1,8.0,5.487,2.513
227,246,1,5.0,3.6532,1.3468
228,246,1,5.0,3.6532,1.3468
186,247,1,2.0,1.25,0.75
246,247,1,2.0,1.25,0.75
62,248,1,5.0,2.75,2.25
125,248,1,5.0,2.0,3.0
128,248,1,6.0,3.25,2.75
136,248,2,4.0,2.0,2.0
145,248,2,7.0,4.8573,2.1427
147,248,2,7.0,4.8635,2.1365
12,249,1,2.0,1.3333,0.6667
176,249,1,2.0,1.5238,0.4762
182,249,1,2.0,1.5238,0.4762
238,249,1,2.0,1.0,1.0
240,249,1,2.0,1.1667,0.8333
57,250,2,0.0,0.0,0.0
135,250,1,2.0,1.4091,0.5909
186,251,1,2.0,1.1667,0.8333
186,252,1,2.0,1.1667,0.8333
186,253,1,2.0,1.1667,0.8333
252,253,1,2.0,1.0,1.0
251,254,1,2.0,1.0,1.0
186,255,2,4.0,2.0,2.0
251,255,1,2.0,0.8333,1.1667
252,255,1,2.0,0.8333,1.1667
253,255,1,2.0,0.8333,1.1667
254,255,1,2.0,0.8333,1.1667
186,256,1,2.0,1.1667,0.8333
240,257,2,4.0,2.0,2.0
244,257,1,3.0,1.5,1.5
249,257,1,2.0,0.8333,1.1667
145,258,1,2.0,1.4913,0.5087
147,258,1,2.0,1.4913,0.5087
145,259,1,3.0,2.2056,0.7944
161,259,2,2.0,1.1667,0.8333
186,259,2,4.0,3.1389,0.8611
258,259,1,2.0,1.0,1.0
186,260,1,2.0,1.0,1.0
194,260,1,2.0,1.0,1.0
219,260,1,2.0,1.0,1.0
50,261,2,1.0,0.5,0.5
186,261,2,4.0,2.4091,1.5909
198,261,2,3.0,1.75,1.25
113,262,2,1.0,0.6667,0.3333
186,262,2,1.0,0.6667,0.3333
205,263,2,2.0,1.3182,0.6818
231,263,2,2.0,1.3182,0.6818
155,264,1,2.0,1.3,0.7
153,265,1,1.0,0.5,0.5
110,266,1,2.0,0.8333,1.1667
155,267,1,3.0,2.4354,0.5646
202,267,1,3.0,1.8,1.2
220,267,1,4.0,2.1667,1.8333
86,268,2,2.0,1.0,1.0
89,268,2,2.0,1.0,1.0
89,269,2,3.0,2.0926,0.9074
109,269,2,2.0,1.0,1.0
186,269,2,4.0,3.2914,0.7086
205,269,2,4.0,3.1833,0.8167
220,269,2,2.0,1.3333,0.6667
78,270,1,2.0,1.0,1.0
153,270,2,3.0,2.0278,0.9722
155,270,1,3.0,1.9333,1.0667
153,271,2,3.0,2.1278,0.8722
155,271,2,3.0,2.2537,0.7463
80,272,1,4.0,1.5833,2.4167
81,272,1,4.0,1.5833,2.4167
82,272,1,3.0,1.0833,1.9167
83,272,1,4.0,1.5833,2.4167
84,272,1,4.0,1.5833,2.4167
186,272,2,8.0,4.0643,3.9357
210,272,2,2.0,1.1,0.9
80,273,1,4.0,1.75,2.25
81,273,1,4.0,1.75,2.25
82,273,1,3.0,1.25,1.75
83,273,1,4.0,1.75,2.25
84,273,1,4.0,1.75,2.25
147,273,1,4.0,3.2952,0.7048
156,273,1,2.0,0.75,1.25
186,273,1,10.0,6.1302,3.8698
216,273,1,4.0,2.0,2.0
272,273,3,7.0,3.6667,3.3333
56,274,1,2.0,0.6667,1.3333
123,274,2,3.0,1.5,1.5
225,274,1,2.0,0.6667,1.3333
127,275,2,3.0,1.6667,1.3333
128,275,2,3.0,1.6667,1.3333
153,276,2,3.0,2.0278,0.9722
155,276,1,4.0,2.5333,1.4667
89,277,1,2.0,1.25,0.75
153,277,1,3.0,2.375,0.625
155,277,1,3.0,2.25,0.75
101,278,1,2.0,1.0,1.0
119,278,1,2.0,1.0,1.0
186,279,4,2.0,1.1,0.9
105,280,2,2.0,1.0,1.0
155,280,2,2.0,1.4394,0.5606
173,280,2,2.0,1.42,0.58
174,280,2,2.0,1.42,0.58
73,281,1,2.0,1.0,1.0
153,282,4,7.0,4.0286,2.9714
205,282,2,5.0,3.1878,1.8122
223,282,2,2.0,1.0,1.0
227,282,2,5.0,3.4098,1.5902
228,282,2,5.0,3.4098,1.5902
233,282,2,2.0,1.0,1.0
186,283,1,2.0,1.4524,0.5476
186,284,1,2.0,1.4524,0.5476
283,284,1,2.0,1.0,1.0
94,285,2,3.0,1.3333,1.6667
147,285,2,7.0,5.0494,1.9506
150,285,2,4.0,2.5,1.5
151,285,1,2.0,1.0,1.0
152,285,2,4.0,2.2,1.8
173,285,2,5.0,2.8089,2.1911
174,285,2,3.0,1.6422,1.3578
186,285,2,13.0,8.4032,4.5968
227,285,3,3.0,2.1429,0.8571
228,285,3,3.0,2.1429,0.8571
229,285,2,3.0,1.9822,1.0178
230,285,2,3.0,1.9822,1.0178
153,286,1,4.0,1.7778,2.2222
173,286,3,5.0,2.8846,2.1154
174,286,3,5.0,2.8846,2.1154
186,286,2,4.0,2.175,1.825
24,287,2,1.0,0.5,0.5
173,287,2,3.0,1.92,1.08
186,287,2,3.0,1.5,1.5
46,288,2,1.0,0.5,0.5
174,288,2,3.0,1.92,1.08
186,288,2,3.0,1.5,1.5
173,289,2,3.0,1.92,1.08
174,289,2,3.0,1.92,1.08
186,289,2,3.0,1.5,1.5
280,289,2,2.0,1.0,1.0
48,290,2,1.0,0.5,0.5
173,290,2,3.0,1.92,1.08
174,290,2,3.0,1.92,1.08
186,290,2,3.0,1.5,1.5
47,291,2,1.0,0.5,0.5
173,291,2,3.0,1.92,1.08
186,291,2,3.0,1.5,1.5
26,292,2,1.0,0.5,0.5
173,292,2,3.0,1.92,1.08
174,292,2,3.0,1.92,1.08
186,292,2,3.0,1.5,1.5
186,293,3,7.0,5.202,1.798
221,293,2,2.0,1.0,1.0
227,293,4,4.0,2.6814,1.3186
228,293,4,4.0,2.6814,1.3186
229,293,1,3.0,1.9569,1.0431
230,293,1,3.0,1.9569,1.0431
186,294,1,2.0,1.8294,0.1706
231,294,1,2.0,1.4722,0.5278
147,295,2,11.0,7.0208,3.9792
155,295,4,11.0,6.9,4.1
161,295,2,3.0,1.5667,1.4333
176,295,2,8.0,4.211,3.789
184,295,2,7.0,3.5801,3.4199
186,295,6,19.0,13.9025,5.0975
228,295,2,6.0,3.759,2.241
229,295,1,5.0,3.2677,1.7323
230,295,1,5.0,3.2677,1.7323
231,295,1,12.0,7.6322,4.3678
259,295,2,3.0,1.0833,1.9167
293,295,3,5.0,2.6667,2.3333
294,295,1,2.0,0.6429,1.3571
115,296,2,2.0,1.0,1.0
186,296,2,2.0,1.2778,0.7222
45,297,2,3.0,1.1667,1.8333
155,297,4,5.0,3.2039,1.7961
186,297,2,6.0,4.0934,1.9066
191,297,2,3.0,1.5,1.5
227,297,2,4.0,2.689,1.311
228,297,2,4.0,2.689,1.311
32,298,2,3.0,0.8242,2.1758
45,298,2,3.0,0.6162,2.3838
75,298,1,3.0,0.5812,2.4188
77,298,2,2.0,0.5606,1.4394
102,298,2,2.0,0.5606,1.4394
104,298,2,2.0,0.5606,1.4394
105,298,2,2.0,0.5606,1.4394
106,298,2,2.0,0.5606,1.4394
107,298,2,2.0,0.5606,1.4394
146,298,2,8.0,4.1601,3.8399
147,298,2,10.0,6.066,3.934
155,298,31,35.0,19.0244,15.9756
176,298,2,8.0,3.8429,4.1571
184,298,2,7.0,3.212,3.788
186,298,7,18.0,11.0515,6.9485
215,298,2,4.0,1.5273,2.4727
220,298,1,4.0,1.6488,2.3512
267,298,1,3.0,0.7312,2.2688
271,298,2,2.0,0.5606,1.4394
280,298,2,2.0,0.5606,1.4394
295,298,4,9.0,4.0758,4.9242
297,298,4,3.0,0.8365,2.1635
10,299,2,2.0,0.8413,1.1587
11,299,2,2.0,0.7857,1.2143
135,299,2,3.0,1.9333,1.0667
146,299,2,5.0,2.9223,2.0777
186,299,1,6.0,3.9667,2.0333
10,300,2,3.0,1.3413,1.6587
11,300,2,2.0,0.7857,1.2143
146,300,2,6.0,3.2208,2.7792
147,300,2,6.0,4.7839,1.2161
186,300,5,10.0,6.6602,3.3398
210,300,2,2.0,0.875,1.125
231,300,2,6.0,3.6925,2.3075
272,300,2,2.0,0.7857,1.2143
93,301,2,3.0,1.5,1.5
146,302,2,7.0,3.75,3.25
184,302,2,6.0,3.5682,2.4318
186,302,2,7.0,4.6035,2.3965
188,302,2,6.0,3.0,3.0
198,302,2,7.0,3.75,3.25
145,303,2,2.0,1.4661,0.5339
205,304,1,6.0,3.7897,2.2103
208,304,1,6.0,3.6397,2.3603
231,304,1,4.0,2.6976,1.3024
250,304,1,2.0,1.0,1.0
233,305,1,2.0,1.3571,0.6429
145,306,4,9.0,5.4939,3.5061
147,306,4,9.0,5.6161,3.3839
153,306,2,6.0,3.3864,2.6136
185,306,6,4.0,1.5,2.5
186,306,4,7.0,4.3167,2.6833
186,307,1,2.0,1.25,0.75
246,307,1,2.0,1.25,0.75
247,307,1,2.0,1.0,1.0
186,308,1,2.0,1.3333,0.6667
285,308,1,2.0,1.3333,0.6667
103,309,2,2.0,1.0,1.0
155,309,2,2.0,1.4394,0.5606
173,309,2,2.0,1.52,0.48
174,309,2,2.0,1.52,0.48
286,309,2,2.0,1.2,0.8
183,310,1,1.0,0.6667,0.3333
184,310,1,2.0,1.5238,0.4762
186,310,1,3.0,2.2857,0.7143
145,311,2,8.0,6.4803,1.5197
147,311,2,9.0,7.2788,1.7212
153,311,2,8.0,4.7611,3.2389
186,311,2,10.0,7.3043,2.6957
198,311,2,9.0,5.6,3.4
200,311,2,4.0,1.75,2.25
205,311,1,9.0,6.8657,2.1343
208,311,1,8.0,5.1895,2.8105
217,311,2,5.0,2.25,2.75
231,311,1,8.0,5.5791,2.4209
261,311,2,3.0,1.25,1.75
52,312,2,4.0,1.4167,2.5833
69,312,2,4.0,1.4167,2.5833
71,312,3,4.0,1.5952,2.4048
186,312,4,5.0,2.6667,2.3333
186,313,1,2.0,1.1667,0.8333
256,313,1,2.0,1.0,1.0
256,314,1,2.0,0.8333,1.1667
313,314,1,2.0,0.8333,1.1667
186,315,1,2.0,1.1667,0.8333
314,315,1,2.0,1.1667,0.8333
119,316,2,1.0,0.3333,0.6667
205,316,1,5.0,3.2897,1.7103
208,316,1,5.0,3.0397,1.9603
231,316,1,5.0,3.3722,1.6278
304,316,2,4.0,1.8333,2.1667
155,317,1,3.0,2.2188,0.7812
186,317,3,4.0,2.9417,1.0583
279,317,2,1.0,0.5714,0.4286
298,317,1,3.0,2.1688,0.8312
145,318,1,5.0,3.908,1.092
147,318,1,5.0,3.9635,1.0365
186,318,1,4.0,3.1944,0.8056
231,318,1,4.0,3.1389,0.8611
186,319,1,2.0,1.4722,0.5278
231,319,1,2.0,1.4722,0.5278
145,320,4,3.0,1.9661,1.0339
147,320,4,3.0,1.9661,1.0339
145,321,2,2.0,1.6494,0.3506
147,321,2,2.0,1.6494,0.3506
320,321,2,2.0,1.3333,0.6667
145,322,2,2.0,1.6494,0.3506
147,322,2,2.0,1.6494,0.3506
320,322,2,2.0,1.3333,0.6667
145,323,5,5.0,3.5913,1.4087
147,323,5,5.0,3.6469,1.3531
149,323,1,5.0,2.3889,2.6111
186,323,1,6.0,3.6154,2.3846
145,324,1,5.0,4.158,0.842
147,324,1,5.0,4.2135,0.7865
186,324,1,5.0,3.8611,1.1389
231,324,1,4.0,3.1389,0.8611
323,324,1,3.0,2.1667,0.8333
145,325,2,2.0,1.697,0.303
323,325,2,2.0,1.4286,0.5714
145,326,4,3.0,1.9661,1.0339
147,326,4,3.0,1.9661,1.0339
145,327,2,2.0,1.6494,0.3506
147,327,2,2.0,1.6494,0.3506
326,327,2,2.0,1.3333,0.6667
145,328,2,2.0,1.6494,0.3506
326,328,2,2.0,1.3333,0.6667
145,329,4,3.0,2.0661,0.9339
147,329,4,3.0,2.0661,0.9339
177,330,2,0.0,0.0,0.0
186,330,2,1.0,0.5,0.5
186,331,2,1.0,0.5,0.5
127,332,2,2.0,1.0,1.0
143,332,2,4.0,1.8,2.2
145,332,3,5.0,3.3077,1.6923
147,332,3,5.0,3.3077,1.6923
329,332,2,2.0,1.1429,0.8571
145,333,2,2.0,1.6494,0.3506
147,333,2,2.0,1.6494,0.3506
329,333,2,2.0,1.3333,0.6667
145,334,3,5.0,3.3375,1.6625
147,334,3,5.0,3.4397,1.5603
186,334,3,10.0,5.9832,4.0168
238,334,3,8.0,4.1429,3.8571
127,335,2,4.0,2.1667,1.8333
143,335,2,4.0,2.0,2.0
147,335,2,10.0,7.0661,2.9339
186,335,2,9.0,6.1254,2.8746
231,335,1,6.0,3.8745,2.1255
324,335,1,4.0,1.5,2.5
145,336,2,4.0,3.0828,0.9172
147,336,2,5.0,4.0716,0.9284
186,336,1,5.0,3.6698,1.3302
334,336,2,4.0,2.45,1.55
335,336,1,5.0,2.5,2.5
104,337,2,2.0,1.0,1.0
155,337,2,2.0,1.4394,0.5606
174,337,2,2.0,1.42,0.58
287,337,2,2.0,1.0,1.0
298,337,2,2.0,1.4394,0.5606
186,338,1,2.0,1.4722,0.5278
231,338,1,2.0,1.4722,0.5278
186,339,1,2.0,1.4722,0.5278
231,339,1,2.0,1.4722,0.5278
74,340,2,2.0,1.25,0.75
231,341,1,2.0,1.4722,0.5278
338,341,1,2.0,1.0,1.0
145,342,1,5.0,4.2658,0.7342
147,342,1,5.0,4.3276,0.6724
186,342,1,7.0,5.1035,1.8965
231,342,1,7.0,4.6865,2.3135
335,342,1,4.0,2.5,1.5
339,342,1,2.0,1.0,1.0
78,343,1,2.0,0.6667,1.3333
155,343,5,8.0,4.6061,3.3939
270,343,1,2.0,0.6667,1.3333
276,343,1,2.0,0.6667,1.3333
277,343,1,2.0,0.6667,1.3333
298,343,2,2.0,1.3611,0.6389
127,344,2,3.0,1.6667,1.3333
128,344,2,3.0,1.6667,1.3333
231,344,2,3.0,1.5,1.5
275,344,2,3.0,1.5,1.5
184,347,1,2.0,1.1667,0.8333
186,347,2,4.0,3.2431,0.7569
346,347,1,2.0,1.1,0.9
73,348,2,2.0,1.0,1.0
146,348,2,2.0,1.4048,0.5952
147,348,2,2.0,1.4048,0.5952
345,348,2,1.0,0.5,0.5
73,349,1,3.0,1.5,1.5
143,349,2,4.0,2.0,2.0
145,349,2,4.0,3.3128,0.6872
147,349,2,6.0,4.9349,1.0651
205,349,2,5.0,3.9687,1.0313
281,349,1,2.0,1.0,1.0
158,350,2,1.0,0.5,0.5
8,352,2,3.0,1.0667,1.9333
18,352,1,2.0,0.5,1.5
19,352,2,3.0,1.119,1.881
20,352,2,3.0,0.9524,2.0476
21,352,2,3.0,0.9524,2.0476
22,352,2,3.0,0.9524,2.0476
23,352,2,4.0,1.0833,2.9167
149,352,1,2.0,1.25,0.75
154,352,1,2.0,1.25,0.75
8,353,2,3.0,1.2333,1.7667
15,353,2,3.0,1.2333,1.7667
23,353,1,2.0,0.7333,1.2667
352,353,3,4.0,2.1667,1.8333
18,354,1,2.0,0.5,1.5
19,354,2,3.0,1.119,1.881
20,354,2,3.0,0.9524,2.0476
21,354,2,3.0,0.9524,2.0476
22,354,2,3.0,1.119,1.881
23,354,1,2.0,0.619,1.381
352,354,5,6.0,3.1667,2.8333
149,355,1,2.0,1.25,0.75
154,355,1,2.0,1.25,0.75
240,355,1,2.0,1.1667,0.8333
244,355,1,2.0,1.0,1.0
257,355,1,2.0,1.1667,0.8333
352,355,1,2.0,1.0,1.0
15,356,1,2.0,1.3333,0.6667
352,356,1,2.0,1.4167,0.5833
353,356,1,2.0,1.4167,0.5833
227,357,2,2.0,1.64,0.36
228,357,2,2.0,1.64,0.36
293,357,2,2.0,1.3333,0.6667
51,359,2,3.0,1.5,1.5
72,359,1,2.0,0.6667,1.3333
186,359,2,3.0,1.5,1.5
6,360,2,3.0,1.8333,1.1667
166,361,1,2.0,0.6667,1.3333
189,361,1,2.0,0.6667,1.3333
166,362,1,2.0,0.6667,1.3333
189,362,1,2.0,0.6667,1.3333
361,362,2,3.0,1.5,1.5
186,363,1,4.0,2.8571,1.1429
187,363,1,4.0,2.5833,1.4167
226,363,1,4.0,2.0,2.0
63,364,2,4.0,2.6667,1.3333
145,364,2,4.0,3.4795,0.5205
205,364,2,4.0,3.3353,0.6647
60,365,2,2.0,1.1667,0.8333
115,365,2,2.0,0.7222,1.2778
124,365,2,1.0,0.5,0.5
146,365,2,5.0,2.7615,2.2385
173,365,1,3.0,1.6806,1.3194
174,365,1,3.0,1.6806,1.3194
186,365,7,11.0,7.1222,3.8778
195,365,2,2.0,0.7222,1.2778
196,365,2,3.0,1.6667,1.3333
198,365,1,6.0,3.0556,2.9444
215,365,2,1.0,0.3,0.7
231,365,1,3.0,1.8333,1.1667
296,365,2,2.0,0.7222,1.2778
302,365,2,3.0,1.3889,1.6111
145,368,1,4.0,2.961,1.039
147,368,1,4.0,3.2976,0.7024
155,368,1,4.0,2.6333,1.3667
186,369,1,3.0,2.0,1.0
238,369,1,3.0,2.0,1.0
145,370,1,5.0,3.761,1.239
147,370,1,6.0,4.7643,1.2357
153,370,1,7.0,4.65,2.35
155,370,1,5.0,3.3833,1.6167
173,370,1,4.0,2.875,1.125
286,370,1,3.0,2.0,1.0
368,370,1,4.0,2.0,2.0
14,371,1,4.0,2.5,1.5
34,371,2,2.0,0.9,1.1
145,371,1,5.0,4.0027,0.9973
147,371,1,5.0,4.1082,0.8918
166,371,2,2.0,0.9,1.1
186,371,3,8.0,5.6746,2.3254
187,371,1,3.0,1.5,1.5
34,372,2,0.0,0.0,0.0
71,373,1,2.0,1.35,0.65
145,373,2,3.0,2.097,0.903
147,373,2,3.0,2.1828,0.8172
186,373,2,6.0,4.131,1.869
285,373,3,4.0,2.1667,1.8333
312,373,1,2.0,1.4167,0.5833
6,374,4,3.0,1.4667,1.5333
158,374,2,1.0,0.5,0.5
173,374,2,2.0,1.1422,0.8578
174,374,2,2.0,1.1422,0.8578
230,374,2,2.0,1.1822,0.8178
186,375,2,3.0,1.6667,1.3333
285,375,2,3.0,1.75,1.25
308,375,1,2.0,0.6667,1.3333
373,375,1,2.0,1.1,0.9
14,376,1,4.0,1.7,2.3
127,376,2,3.0,1.5667,1.4333
128,376,2,7.0,3.2,3.8
136,376,2,5.0,1.95,3.05
145,376,3,9.0,5.847,3.153
147,376,3,9.0,5.958,3.042
186,376,3,16.0,10.0076,5.9924
187,376,1,6.0,3.1667,2.8333
192,376,2,1.0,0.3333,0.6667
193,376,2,3.0,1.9182,1.0818
220,376,2,6.0,3.5835,2.4165
221,376,2,3.0,1.4,1.6
226,376,1,4.0,1.75,2.25
233,376,1,5.0,2.8333,2.1667
248,376,2,5.0,2.0333,2.9667
293,376,4,3.0,1.5,1.5
363,376,1,4.0,1.75,2.25
238,378,1,2.0,1.3333,0.6667
243,378,1,2.0,1.3333,0.6667
238,379,1,2.0,1.3333,0.6667
243,379,1,2.0,1.3333,0.6667
378,379,1,2.0,1.0,1.0
345,380,2,1.0,0.5,0.5
348,380,2,1.0,0.5,0.5
186,381,1,7.0,5.0742,1.9258
187,381,1,3.0,1.8333,1.1667
227,381,2,4.0,2.9775,1.0225
228,381,2,4.0,2.9775,1.0225
233,381,1,3.0,1.9405,1.0595
155,382,2,6.0,3.6727,2.3273
171,382,2,1.0,0.3333,0.6667
186,382,1,12.0,8.1845,3.8155
193,382,2,2.0,1.1923,0.8077
227,382,2,7.0,4.1442,2.8558
228,382,2,7.0,4.1442,2.8558
233,382,1,4.0,2.2738,1.7262
298,382,2,3.0,2.3144,0.6856
376,382,2,5.0,2.5833,2.4167
381,382,3,5.0,2.5,2.5
11,383,2,2.0,0.9,1.1
74,383,2,2.0,1.1,0.9
135,383,2,3.0,1.8333,1.1667
183,383,2,3.0,1.7667,1.2333
186,383,1,6.0,3.4667,2.5333
340,383,2,2.0,0.8333,1.1667
11,384,2,2.0,1.0667,0.9333
186,384,1,3.0,1.9091,1.0909
383,384,3,4.0,2.1667,1.8333
120,385,2,1.0,0.3333,0.6667
153,385,2,2.0,1.0,1.0
282,385,2,2.0,1.0,1.0
10,386,2,2.0,1.1143,0.8857
186,386,1,3.0,2.1591,0.8409
10,387,2,3.0,1.6143,1.3857
186,387,3,5.0,3.5693,1.4307
231,387,2,3.0,2.1353,0.8647
300,387,2,5.0,2.7917,2.2083
155,388,1,2.0,1.3333,0.6667
174,388,1,2.0,1.4583,0.5417
276,388,1,2.0,1.0,1.0
153,389,2,6.0,4.5444,1.4556
186,389,2,9.0,6.7639,2.2361
227,389,1,6.0,4.2498,1.7502
229,389,1,5.0,3.4796,1.5204
279,389,2,1.0,0.6667,0.3333
382,389,2,4.0,2.1667,1.8333
33,390,2,4.0,2.3333,1.6667
145,390,2,4.0,3.2573,0.7427
147,390,2,5.0,4.1385,0.8615
153,390,2,4.0,2.5,1.5
351,390,2,2.0,1.0,1.0
366,390,2,2.0,1.0,1.0
367,390,2,1.0,0.5,0.5
153,391,2,3.0,2.0278,0.9722
193,391,2,2.0,1.3182,0.6818
212,391,2,2.0,1.0,1.0
27,392,2,1.0,0.2857,0.7143
75,392,1,3.0,0.875,2.125
89,392,2,6.0,3.137,2.863
153,392,2,7.0,4.2111,2.7889
155,392,3,6.0,3.488,2.512
186,392,5,9.0,6.4435,2.5565
193,392,2,4.0,2.1515,1.8485
205,392,2,6.0,3.3426,2.6574
224,392,4,4.0,2.0,2.0
276,392,2,3.0,1.25,1.75
298,392,3,4.0,2.4951,1.5049
162,393,1,2.0,1.0,1.0
107,394,2,2.0,1.0,1.0
155,394,2,2.0,1.4394,0.5606
174,394,2,2.0,1.42,0.58
288,394,2,2.0,1.0,1.0
298,394,2,2.0,1.4394,0.5606
89,395,1,3.0,1.3,1.7
153,395,7,8.0,4.5,3.5
270,395,2,2.0,0.7222,1.2778
271,395,2,2.0,0.7222,1.2778
276,395,2,2.0,0.7222,1.2778
277,395,1,2.0,0.625,1.375
391,395,2,3.0,1.2222,1.7778
392,395,2,4.0,1.8889,2.1111
43,396,1,1.0,0.75,0.25
173,396,1,3.0,2.125,0.875
174,396,1,3.0,2.125,0.875
186,396,1,3.0,2.0833,0.9167
388,396,1,2.0,1.0,1.0
231,397,2,2.0,1.3182,0.6818
263,397,2,2.0,1.0,1.0
372,398,2,0.0,0.0,0.0
35,399,2,0.0,0.0,0.0
145,399,2,4.0,3.0906,0.9094
147,399,2,4.0,3.0968,0.9032
306,399,2,4.0,2.5,1.5
186,400,1,2.0,1.3571,0.6429
233,400,1,2.0,1.3571,0.6429
106,401,2,2.0,1.0,1.0
155,401,2,2.0,1.4394,0.5606
174,401,2,2.0,1.42,0.58
291,401,2,2.0,1.0,1.0
298,401,2,2.0,1.4394,0.5606
102,402,2,2.0,1.0,1.0
155,402,2,2.0,1.4394,0.5606
173,402,2,2.0,1.42,0.58
174,402,2,2.0,1.42,0.58
292,402,2,2.0,1.0,1.0
298,402,2,2.0,1.4394,0.5606
367,403,2,1.0,0.5,0.5
390,403,2,1.0,0.5,0.5
4,404,2,2.0,1.0,1.0
145,404,2,4.0,2.8161,1.1839
162,404,1,4.0,1.6667,2.3333
186,404,1,4.0,2.5143,1.4857
393,404,1,2.0,1.0,1.0
145,405,1,2.0,1.5667,0.4333
146,405,1,2.0,1.4,0.6
164,405,1,2.0,1.1667,0.8333
50,406,2,2.0,1.0,1.0
135,406,2,2.0,1.3333,0.6667
227,406,2,2.0,1.4733,0.5267
228,406,2,2.0,1.4733,0.5267
135,407,2,2.0,1.3333,0.6667
153,407,1,1.0,0.5,0.5
244,407,1,1.0,0.5,0.5
406,407,2,2.0,1.0,1.0
2,408,1,2.0,0.5476,1.4524
6,408,4,9.0,4.4,4.6
10,408,5,6.0,2.4167,3.5833
11,408,4,4.0,1.5,2.5
14,408,2,6.0,1.4281,4.5719
33,408,2,4.0,1.0444,2.9556
58,408,2,6.0,1.8615,4.1385
59,408,1,5.0,1.224,3.776
60,408,2,4.0,0.8615,3.1385
62,408,2,7.0,2.0031,4.9969
63,408,4,5.0,1.4333,3.5667
67,408,1,2.0,0.5476,1.4524
70,408,2,7.0,1.3924,5.6076
74,408,6,6.0,2.7333,3.2667
92,408,1,3.0,0.408,2.592
94,408,1,2.0,0.5476,1.4524
95,408,1,2.0,0.5476,1.4524
97,408,2,2.0,0.4242,1.5758
108,408,4,7.0,2.6115,4.3885
110,408,1,4.0,0.6948,3.3052
122,408,2,6.0,1.5281,4.4719
125,408,1,9.0,1.6716,7.3284
126,408,2,3.0,1.0526,1.9474
133,408,2,3.0,1.0526,1.9474
136,408,2,8.0,1.6257,6.3743
143,408,2,7.0,1.9031,5.0969
144,408,4,4.0,1.4909,2.5091
145,408,32,52.0,25.757,26.243
146,408,2,21.0,8.2957,12.7043
147,408,36,61.0,31.2589,29.7411
153,408,4,22.0,9.018,12.982
154,408,3,7.0,1.9428,5.0572
155,408,4,19.0,9.2056,9.7944
157,408,2,6.0,2.3242,3.6758
176,408,5,14.0,5.6274,8.3726
184,408,6,15.0,5.7011,9.2989
185,408,2,4.0,0.8781,3.1219
188,408,2,11.0,3.494,7.506
198,408,6,19.0,7.2965,11.7035
199,408,2,5.0,2.5,2.5
200,408,2,6.0,2.0526,3.9474
202,408,1,9.0,1.999,7.001
205,408,14,36.0,16.4442,19.5558
206,408,2,6.0,1.4031,4.5969
207,408,2,8.0,3.0556,4.9444
208,408,5,19.0,6.3797,12.6203
216,408,1,5.0,1.408,3.592
217,408,2,6.0,1.6659,4.3341
227,408,2,18.0,8.3397,9.6603
228,408,2,18.0,8.3397,9.6603
229,408,4,16.0,7.7735,8.2265
230,408,4,16.0,7.7735,8.2265
231,408,5,28.0,11.9288,16.0712
245,408,3,8.0,2.2761,5.7239
248,408,2,7.0,2.1781,4.8219
266,408,2,3.0,1.25,1.75
269,408,2,3.0,0.7159,2.2841
273,408,1,4.0,0.908,3.092
283,408,1,2.0,0.5476,1.4524
298,408,2,11.0,4.5667,6.4333
299,408,4,6.0,2.2222,3.7778
300,408,4,9.0,2.7718,6.2282
302,408,2,6.0,1.8766,4.1234
306,408,4,9.0,3.4611,5.5389
310,408,1,2.0,0.1905,1.8095
311,408,6,11.0,2.6857,8.3143
316,408,1,5.0,1.4,3.6
340,408,2,2.0,0.5833,1.4167
342,408,2,6.0,0.9216,5.0784
345,408,2,2.0,0.5909,1.4091
346,408,2,3.0,0.9638,2.0362
349,408,2,5.0,1.0698,3.9302
360,408,2,3.0,1.1667,1.8333
364,408,2,4.0,0.5698,3.4302
368,408,1,4.0,0.7573,3.2427
370,408,1,5.0,0.9573,4.0427
371,408,1,5.0,0.7711,4.2289
376,408,3,11.0,4.1264,6.8736
381,408,1,4.0,1.5476,2.4524
383,408,4,6.0,2.231,3.769
384,408,2,3.0,0.8095,2.1905
386,408,2,3.0,0.9333,2.0667
387,408,2,5.0,1.6352,3.3648
399,408,2,4.0,0.9448,3.0552
89,409,2,5.0,3.5593,1.4407
145,409,2,8.0,6.1462,1.8538
147,409,2,9.0,7.3571,1.6429
155,409,1,9.0,5.583,3.417
186,409,1,14.0,10.7788,3.2212
198,409,2,6.0,4.05,1.95
205,409,2,9.0,6.9606,2.0394
215,409,2,5.0,3.0833,1.9167
227,409,2,7.0,4.9585,2.0415
228,409,2,7.0,4.9585,2.0415
298,409,1,6.0,3.8438,2.1562
306,409,2,5.0,3.3,1.7
317,409,1,3.0,1.75,1.25
408,409,2,11.0,8.0993,2.9007
186,410,1,3.0,2.0,1.0
238,410,1,3.0,2.0,1.0
334,410,1,3.0,2.0,1.0
369,410,1,3.0,1.5,1.5
186,411,1,2.0,1.5,0.5
187,411,1,2.0,1.25,0.75
371,411,1,2.0,1.25,0.75
93,412,2,3.0,1.119,1.881
149,412,1,3.0,1.0,2.0
186,412,5,8.0,4.1226,3.8774
238,412,2,4.0,1.475,2.525
301,412,2,3.0,1.119,1.881
334,412,2,4.0,1.475,2.525
64,413,2,3.0,1.8333,1.1667
146,413,2,5.0,3.6676,1.3324
147,413,2,5.0,3.794,1.206
155,413,2,7.0,4.5325,2.4675
186,413,2,7.0,5.4329,1.5671
227,413,2,4.0,3.0224,0.9776
228,413,2,4.0,3.0224,0.9776
96,414,1,3.0,1.2,1.8
147,414,2,6.0,4.1353,1.8647
153,414,1,6.0,2.7619,3.2381
155,414,4,9.0,5.4643,3.5357
173,414,2,6.0,3.42,2.58
174,414,2,4.0,2.42,1.58
220,414,1,3.0,1.3333,1.6667
264,414,1,2.0,0.7,1.3
290,414,2,2.0,1.0,1.0
413,414,2,4.0,1.8333,2.1667
153,415,1,1.0,0.5,0.5
265,415,1,1.0,0.5,0.5
145,416,2,4.0,3.1382,0.8618
147,416,2,4.0,3.2301,0.7699
186,416,2,5.0,3.6734,1.3266
211,416,2,3.0,1.5,1.5
408,416,2,4.0,3.2976,0.7024
91,417,2,1.0,0.3333,0.6667
110,417,1,4.0,1.75,2.25
144,417,2,3.0,1.4048,1.5952
145,417,2,5.0,3.7859,1.2141
147,417,2,5.0,3.9058,1.0942
186,417,4,7.0,4.6339,2.3661
266,417,1,2.0,0.9,1.1
408,417,3,8.0,5.5552,2.4448
186,418,1,2.0,1.4524,0.5476
381,418,1,2.0,1.0,1.0
408,418,1,2.0,1.4524,0.5476
146,419,1,2.0,1.8071,0.1929
147,419,1,2.0,1.8389,0.1611
186,419,1,2.0,1.746,0.254
176,420,2,2.0,1.0,1.0
186,420,2,2.0,1.3,0.7
153,421,2,3.0,2.0952,0.9048
227,421,2,3.0,2.1876,0.8124
228,421,2,3.0,2.1876,0.8124
282,421,2,3.0,1.6667,1.3333
316,421,2,0.0,0.0,0.0
49,422,2,4.0,2.1667,1.8333
145,422,2,6.0,3.9573,2.0427
147,422,2,7.0,4.819,2.181
153,422,2,8.0,4.8571,3.1429
228,422,2,6.0,3.6876,2.3124
298,422,2,4.0,2.3857,1.6143
306,422,2,5.0,3.0,2.0
399,422,2,4.0,2.0,2.0
408,422,2,9.0,5.7219,3.2781
187,423,1,2.0,1.3333,0.6667
233,423,1,2.0,1.3333,0.6667
145,424,2,2.0,1.4828,0.5172
147,424,2,2.0,1.4828,0.5172
145,425,2,2.0,1.4828,0.5172
233,425,1,2.0,1.3333,0.6667
423,425,1,2.0,1.0,1.0
424,425,2,2.0,1.0,1.0
6,426,2,4.0,1.8333,2.1667
55,426,1,2.0,0.45,1.55
73,426,1,4.0,1.2788,2.7212
101,426,1,2.0,1.0,1.0
119,426,1,2.0,1.0,1.0
124,426,2,2.0,0.6667,1.3333
131,426,2,2.0,0.6667,1.3333
136,426,1,6.0,1.227,4.773
146,426,11,20.0,9.5089,10.4911
147,426,14,35.0,19.9977,15.0023
150,426,3,4.0,2.0952,1.9048
155,426,4,9.0,5.0986,3.9014
163,426,2,3.0,1.1667,1.8333
173,426,2,5.0,1.9917,3.0083
175,426,2,2.0,0.7222,1.2778
176,426,2,10.0,3.9523,6.0477
186,426,8,32.0,17.0317,14.9683
196,426,2,4.0,1.1122,2.8878
197,426,2,6.0,1.4852,4.5148
198,426,4,10.0,4.5136,5.4864
200,426,2,5.0,1.6122,3.3878
204,426,2,4.0,1.5333,2.4667
205,426,4,17.0,7.9748,9.0252
208,426,4,14.0,5.5011,8.4989
216,426,1,4.0,1.0111,2.9889
222,426,2,3.0,1.3333,1.6667
233,426,2,3.0,1.4286,1.5714
238,426,2,5.0,2.0505,2.9495
243,426,4,5.0,2.581,2.419
245,426,4,9.0,3.8584,5.1416
246,426,1,6.0,1.0727,4.9273
250,426,1,2.0,0.5909,1.4091
273,426,1,4.0,1.0111,2.9889
278,426,1,2.0,1.0,1.0
281,426,1,2.0,1.0,1.0
298,426,2,7.0,3.2979,3.7021
299,426,2,4.0,1.0983,2.9017
303,426,2,2.0,0.7222,1.2778
304,426,1,4.0,0.9909,3.0091
335,426,1,3.0,0.825,2.175
346,426,1,3.0,1.2727,1.7273
347,426,1,3.0,0.9,2.1
349,426,1,5.0,1.9583,3.0417
351,426,2,2.0,1.0,1.0
358,426,1,0.0,0.0,0.0
366,426,2,2.0,1.0,1.0
383,426,2,4.0,1.3444,2.6556
390,426,2,4.0,1.625,2.375
406,426,2,2.0,0.6667,1.3333
407,426,2,2.0,0.6667,1.3333
408,426,2,22.0,12.5929,9.4071
413,426,2,5.0,1.3122,3.6878
414,426,2,5.0,1.7788,3.2212
420,426,2,2.0,0.7,1.3
39,427,2,1.0,0.25,0.75
88,427,2,5.0,2.2329,2.7671
99,427,2,2.0,0.4675,1.5325
119,427,2,1.0,0.3333,0.6667
145,427,4,12.0,7.803,4.197
147,427,4,12.0,7.9905,4.0095
166,427,1,3.0,0.9167,2.0833
171,427,2,2.0,1.0,1.0
186,427,6,20.0,13.4077,6.5923
189,427,1,2.0,0.6667,1.3333
193,427,9,9.0,4.375,4.625
202,427,1,10.0,3.8083,6.1917
203,427,1,3.0,0.8095,2.1905
205,427,1,16.0,8.7465,7.2535
208,427,1,9.0,4.3653,4.6347
212,427,2,3.0,1.3485,1.6515
220,427,5,9.0,3.8036,5.1964
224,427,2,3.0,1.5152,1.4848
231,427,5,15.0,8.7314,6.2686
271,427,2,2.0,0.75,1.25
304,427,2,4.0,1.5,2.5
306,427,2,6.0,2.8167,3.1833
316,427,4,6.0,2.5,3.5
361,427,2,3.0,1.5,1.5
376,427,2,7.0,2.5913,4.4087
382,427,4,4.0,1.3247,2.6753
391,427,2,4.0,1.4318,2.5682
392,427,2,6.0,2.7197,3.2803
395,427,2,4.0,2.0385,1.9615
408,427,2,14.0,8.5772,5.4228
409,427,2,6.0,2.4762,3.5238
417,427,2,4.0,1.6667,2.3333
6,428,2,3.0,1.8333,1.1667
108,428,2,3.0,1.8333,1.1667
360,428,2,3.0,1.5,1.5
408,428,2,3.0,1.8333,1.1667
149,429,1,3.0,1.1667,1.8333
186,429,2,5.0,3.2143,1.7857
238,429,1,3.0,1.85,1.15
323,429,1,3.0,1.1667,1.8333
334,429,1,3.0,1.85,1.15
412,429,2,5.0,3.0476,1.9524
145,430,2,2.0,1.4828,0.5172
147,430,2,2.0,1.6494,0.3506
175,430,2,2.0,1.1667,0.8333
145,431,2,4.0,2.7744,1.2256
147,431,2,4.0,2.9767,1.0233
167,431,2,2.0,1.1,0.9
186,431,3,8.0,5.0976,2.9024
299,431,1,2.0,1.0833,0.9167
300,431,1,5.0,3.125,1.875
384,431,1,2.0,1.0,1.0
386,431,1,2.0,1.0,1.0
387,431,1,3.0,1.9167,1.0833
98,432,2,2.0,1.0,1.0
110,432,2,2.0,1.0,1.0
145,432,2,2.0,1.4828,0.5172
147,432,2,2.0,1.4828,0.5172
229,432,2,2.0,1.46,0.54
230,432,2,2.0,1.46,0.54
56,433,1,2.0,0.6667,1.3333
123,433,2,3.0,1.5,1.5
225,433,1,2.0,0.6667,1.3333
274,433,2,3.0,1.5,1.5
155,434,1,2.0,1.3,0.7
172,434,1,2.0,1.0,1.0
173,434,1,3.0,2.125,0.875
264,434,1,2.0,1.0,1.0
414,434,1,4.0,2.6333,1.3667
155,435,1,8.0,5.159,2.841
173,435,1,3.0,1.7917,1.2083
174,435,1,3.0,1.7917,1.2083
176,435,1,5.0,3.3167,1.6833
184,435,1,5.0,3.3405,1.6595
186,435,4,14.0,10.0921,3.9079
227,435,2,7.0,4.2628,2.7372
228,435,2,7.0,4.2628,2.7372
229,435,2,5.0,3.0933,1.9067
230,435,2,5.0,3.0933,1.9067
365,435,1,3.0,1.6364,1.3636
382,435,2,5.0,2.3667,2.6333
389,435,2,6.0,2.1667,3.8333
408,435,1,9.0,6.1571,2.8429
89,436,2,7.0,4.4593,2.5407
114,436,2,2.0,1.1,0.9
186,436,4,7.0,5.4137,1.5863
205,436,2,7.0,4.744,2.256
227,436,2,5.0,3.4771,1.5229
228,436,2,5.0,3.4771,1.5229
229,436,2,5.0,3.06,1.94
435,436,4,5.0,2.5,2.5
35,437,2,0.0,0.0,0.0
155,437,2,6.0,4.1333,1.8667
176,437,1,4.0,2.8333,1.1667
184,437,1,4.0,2.8571,1.1429
277,437,1,2.0,0.8333,1.1667
343,437,1,2.0,1.2143,0.7857
408,437,1,4.0,2.8571,1.1429
435,437,1,4.0,1.8333,2.1667
147,438,2,3.0,2.4306,0.5694
186,438,1,4.0,2.7667,1.2333
303,438,2,2.0,1.1667,0.8333
314,438,1,2.0,1.1667,0.8333
315,438,1,2.0,1.0,1.0
426,438,2,3.0,2.2639,0.7361
202,439,4,7.0,3.5444,3.4556
220,439,1,5.0,2.7,2.3
231,439,2,6.0,3.9702,2.0298
267,439,1,3.0,1.2,1.8
295,439,1,4.0,1.5788,2.4212
412,439,2,3.0,1.881,1.119
427,439,1,5.0,2.7931,2.2069
93,440,2,3.0,1.1667,1.8333
186,440,2,3.0,1.6984,1.3016
301,440,2,3.0,1.1667,1.8333
412,440,4,5.0,2.7698,2.2302
439,440,2,3.0,1.381,1.619
128,441,2,4.0,2.0,2.0
145,441,2,4.0,3.3128,0.6872
147,441,2,4.0,3.3349,0.6651
205,441,2,4.0,3.1687,0.8313
408,441,2,4.0,3.2635,0.7365
186,442,2,5.0,3.9364,1.0636
202,442,1,4.0,2.5667,1.4333
203,442,1,3.0,1.1667,1.8333
427,442,1,5.0,2.9643,2.0357
439,442,1,4.0,2.5143,1.4857
186,443,3,5.0,3.0476,1.9524
238,443,1,3.0,1.5357,1.4643
301,443,2,3.0,1.119,1.881
334,443,1,3.0,1.5357,1.4643
412,443,5,7.0,3.9583,3.0417
439,443,2,3.0,1.244,1.756
440,443,4,5.0,2.3444,2.6556
145,444,2,4.0,3.3406,0.6594
147,444,2,4.0,3.3468,0.6532
236,444,1,2.0,1.0,1.0
332,444,1,2.0,1.2,0.8
408,444,2,4.0,3.1385,0.8615
74,445,2,2.0,1.25,0.75
229,445,2,3.0,2.1267,0.8733
230,445,2,3.0,2.1267,0.8733
408,445,2,4.0,2.5833,1.4167
444,445,2,2.0,1.0,1.0
52,446,1,3.0,1.8333,1.1667
69,446,1,3.0,1.8333,1.1667
186,446,1,3.0,2.1333,0.8667
312,446,1,3.0,2.1333,0.8667
51,447,1,2.0,1.3333,0.6667
186,447,1,2.0,1.3333,0.6667
359,447,1,2.0,1.3333,0.6667
137,448,1,2.0,1.1667,0.8333
186,448,1,2.0,1.1667,0.8333
10,449,1,2.0,1.125,0.875
74,449,2,2.0,1.1667,0.8333
130,449,2,3.0,1.6667,1.3333
186,449,1,8.0,5.2751,2.7249
229,449,2,5.0,3.7203,1.2797
230,449,2,5.0,3.7203,1.2797
231,449,1,7.0,4.2639,2.7361
319,449,1,2.0,1.0,1.0
342,449,2,4.0,1.9,2.1
408,449,3,8.0,5.7024,2.2976
186,450,2,2.0,0.8,1.2
195,450,3,2.0,1.0,1.0
217,450,3,2.0,1.0,1.0
10,451,1,2.0,1.3333,0.6667
145,451,1,6.0,4.8777,1.1223
147,451,1,6.0,4.9365,1.0635
186,451,1,6.0,4.6468,1.3532
231,451,1,6.0,4.4722,1.5278
244,451,1,2.0,1.5,0.5
318,451,1,4.0,2.0,2.0
408,451,1,6.0,5.3117,0.6883
113,452,2,1.0,0.6667,0.3333
186,452,2,2.0,1.6126,0.3874
209,452,2,1.0,0.5,0.5
231,452,2,2.0,1.4459,0.5541
185,453,4,0.0,0.0,0.0
18,19,1,2.0,0.6667,1.3333
19,20,1,2.0,1.0,1.0
42,43,2,2.0,0.9,1.1
66,67,1,2.0,1.0,1.0
30,90,2,1.0,0.4,0.6
97,98,2,1.0,0.5,0.5
14,145,2,6.0,1.3849,4.6151
59,145,1,5.0,1.2057,3.7943
36,147,2,2.0,0.3506,1.6494
68,147,4,3.0,1.0339,1.9661
108,147,2,3.0,0.4506,2.5494
136,147,2,9.0,1.8088,7.1912
146,147,19,32.0,13.4312,18.5688
145,152,3,4.0,2.641,1.359
149,154,3,4.0,1.8889,2.1111
78,155,1,2.0,0.6667,1.3333
103,155,2,4.0,1.5606,2.4394
153,155,3,17.0,8.7105,8.2895
80,156,1,2.0,1.0,1.0
147,159,2,6.0,4.0518,1.9482
34,166,2,2.0,1.0,1.0
159,170,2,3.0,1.6667,1.3333
116,171,2,2.0,1.0,1.0
79,174,1,3.0,1.0417,1.9583
145,175,2,2.0,1.4661,0.5339
9,176,2,3.0,0.9167,2.0833
16,176,2,3.0,0.9167,2.0833
177,180,1,2.0,1.0,1.0
178,181,1,2.0,1.0,1.0
1,186,2,5.0,0.9686,4.0314
61,186,1,3.0,0.7159,2.2841
72,186,1,2.0,0.6667,1.3333
75,186,3,4.0,0.8917,3.1083
82,186,1,7.0,2.1984,4.8016
91,186,2,1.0,0.3333,0.6667
137,186,2,4.0,1.3958,2.6042
149,186,1,5.0,1.7778,3.2222
166,186,2,3.0,1.0429,1.9571
182,186,2,2.0,1.25,0.75
186,190,1,3.0,2.5972,0.4028
146,196,2,5.0,3.4176,1.5824
186,197,1,7.0,5.3189,1.6811
122,198,2,3.0,0.7833,2.2167
184,198,2,9.0,4.1848,4.8152
147,200,2,6.0,4.5271,1.4729
196,200,2,4.0,2.0,2.0
154,205,1,7.0,2.1316,4.8684
183,208,1,9.0,3.1663,5.8337
31,212,2,2.0,1.0,1.0
205,213,2,2.0,1.3824,0.6176
186,216,1,6.0,4.3302,1.6698
193,220,3,3.0,1.6429,1.3571
6,222,1,3.0,1.5,1.5
30,227,2,3.0,0.8124,2.1876
89,227,4,14.0,6.8041,7.1959
100,227,1,3.0,0.6312,2.3688
106,227,2,3.0,1.0267,1.9733
218,227,2,2.0,0.6933,1.3067
1,228,2,4.0,1.311,2.689
42,228,2,4.0,0.9776,3.0224
65,228,2,2.0,0.36,1.64
100,228,1,3.0,0.6312,2.3688
117,228,2,3.0,0.7372,2.2628
155,228,2,21.0,9.9433,11.0567
80,229,1,4.0,0.8815,3.1185
82,229,1,5.0,1.3815,3.6185
83,229,1,5.0,1.3815,3.6185
89,229,3,9.0,4.4847,4.5153
130,229,2,3.0,0.74,2.26
183,229,2,5.0,1.4067,3.5933
45,230,2,3.0,0.74,2.26
82,230,1,5.0,1.3815,3.6185
109,230,2,4.0,1.6067,2.3933
142,230,2,2.0,0.3733,1.6267
207,230,2,7.0,2.7733,4.2267
218,230,2,2.0,0.7067,1.2933
88,231,4,7.0,2.6024,4.3976
112,231,1,3.0,0.8289,2.1711
154,231,2,6.0,2.325,3.675
187,233,5,10.0,4.8333,5.1667
226,233,1,4.0,1.3095,2.6905
230,233,3,9.0,5.1126,3.8874
6,241,2,2.0,1.0,1.0
6,243,4,7.0,3.0,4.0
228,243,2,5.0,3.189,1.811
153,244,1,3.0,1.6429,1.3571
208,245,1,7.0,4.0135,2.9865
186,254,1,2.0,1.1667,0.8333
238,257,1,3.0,1.5,1.5
147,259,1,4.0,2.7913,1.2087
165,268,2,2.0,1.0,1.0
156,272,1,2.0,0.75,1.25
231,275,2,3.0,1.5,1.5
89,282,2,5.0,3.1878,1.8122
145,285,2,5.0,3.5304,1.4696
154,285,1,5.0,3.3286,1.6714
191,286,2,1.0,0.5,0.5
174,287,2,3.0,1.92,1.08
173,288,2,3.0,1.92,1.08
25,289,2,1.0,0.5,0.5
174,291,2,3.0,1.92,1.08
192,293,2,1.0,0.3333,0.6667
146,295,2,9.0,5.0842,3.9158
202,295,1,6.0,3.1167,2.8833
227,295,2,6.0,3.759,2.241
267,295,1,4.0,1.4,2.6
103,298,2,2.0,0.5606,1.4394
145,300,2,6.0,4.5708,1.4292
299,300,5,6.0,2.6667,3.3333
176,302,2,6.0,3.5325,2.4675
93,303,2,2.0,0.8333,1.1667
147,303,4,4.0,2.8578,1.1422
135,304,1,4.0,2.4091,1.5909
186,305,1,2.0,1.3571,0.6429
298,309,2,2.0,1.4394,0.5606
186,314,2,4.0,2.0,2.0
266,316,1,1.0,0.6667,0.3333
152,318,1,2.0,1.5,0.5
147,325,2,2.0,1.697,0.303
147,328,2,2.0,1.6494,0.3506
330,331,2,1.0,0.5,0.5
145,335,2,9.0,6.047,2.953
332,335,2,4.0,2.2,1.8
334,335,1,4.0,2.4667,1.5333
173,337,2,2.0,1.42,0.58
186,341,1,2.0,1.4722,0.5278
74,342,2,2.0,1.25,0.75
271,343,2,2.0,0.7857,1.2143
186,345,2,2.0,1.5091,0.4909
186,346,3,4.0,2.9646,1.0354
345,346,2,2.0,0.9,1.1
205,347,1,3.0,2.349,0.651
6,350,4,1.0,0.6667,0.3333
15,352,2,3.0,1.2333,1.7667
108,360,2,3.0,1.8333,1.1667
233,363,1,4.0,2.6905,1.3095
147,364,2,4.0,3.5016,0.4984
351,366,2,2.0,1.0,1.0
334,369,1,3.0,2.0,1.0
174,370,1,3.0,2.2083,0.7917
227,374,3,3.0,1.5939,1.4061
228,374,3,3.0,1.5939,1.4061
229,374,2,2.0,1.1822,0.8178
285,374,7,6.0,3.0,3.0
371,376,1,6.0,2.25,3.75
377,379,1,0.0,0.0,0.0
187,382,1,4.0,2.1667,1.8333
215,382,2,5.0,2.75,2.25
233,385,4,3.0,1.5,1.5
386,387,3,4.0,1.75,2.25
173,388,1,2.0,1.4583,0.5417
343,388,1,2.0,1.3333,0.6667
89,389,2,6.0,4.3667,1.6333
228,389,1,6.0,4.2498,1.7502
230,389,1,5.0,3.4796,1.5204
270,391,2,2.0,1.0,1.0
32,392,2,3.0,1.2444,1.7556
186,393,1,2.0,1.0,1.0
173,394,2,2.0,1.42,0.58
205,397,2,2.0,1.3182,0.6818
305,400,1,2.0,1.0,1.0
173,401,2,2.0,1.42,0.58
147,404,2,4.0,2.8716,1.1284
3,408,1,2.0,0.5476,1.4524
66,408,1,2.0,0.5476,1.4524
128,408,2,15.0,5.3797,9.6203
186,408,20,69.0,36.243,32.757
220,408,2,11.0,4.4,6.6
221,408,2,4.0,1.4165,2.5835
261,408,2,3.0,0.5909,2.4091
284,408,1,2.0,0.5476,1.4524
295,408,2,14.0,5.0524,8.9476
390,408,2,5.0,1.4448,3.5552
323,412,1,3.0,1.0,2.0
146,414,2,4.0,2.7509,1.2491
221,416,2,2.0,1.25,0.75
157,417,2,3.0,1.2333,1.7667
77,422,2,4.0,1.8333,2.1667
155,422,4,9.0,5.2537,3.7463
227,422,2,6.0,3.6876,2.3124
147,425,2,2.0,1.4828,0.5172
187,425,1,2.0,1.3333,0.6667
53,426,2,3.0,0.8,2.2
135,426,10,15.0,5.6921,9.3079
151,426,1,2.0,0.7,1.3
154,426,4,10.0,4.1917,5.8083
183,426,3,9.0,2.5265,6.4735
285,426,1,6.0,1.925,4.075
295,426,2,7.0,2.8741,4.1259
336,426,1,3.0,0.7361,2.2639
38,427,2,2.0,0.75,1.25
153,427,6,16.0,8.1912,7.8088
362,427,2,3.0,1.5,1.5
383,431,1,2.0,1.0,1.0
174,434,1,3.0,2.125,0.875
230,436,2,5.0,3.06,1.94
186,439,5,9.0,6.5503,2.4497
231,442,2,5.0,3.6959,1.3041
93,443,2,3.0,1.119,1.881
74,444,2,2.0,1.25,0.75
129,445,2,2.0,1.0,1.0
141,448,1,2.0,1.0,1.0
449,451,1,4.0,2.25,1.75
